{"flutter":{"platforms":{"android":{"default":{"projectId":"doughnut-f9611","appId":"1:325871497075:android:70d5610b3f328cb5f31f06","fileOutput":"android/app/google-services.json"}},"ios":{"default":{"projectId":"doughnut-f9611","appId":"1:325871497075:ios:dea778baf00a238ff31f06","uploadDebugSymbols":false,"fileOutput":"ios/Runner/GoogleService-Info.plist"}},"macos":{"default":{"projectId":"doughnut-f9611","appId":"1:325871497075:ios:dea778baf00a238ff31f06","uploadDebugSymbols":false,"fileOutput":"macos/Runner/GoogleService-Info.plist"}},"dart":{"lib/firebase_options.dart":{"projectId":"doughnut-f9611","configurations":{"android":"1:325871497075:android:70d5610b3f328cb5f31f06","ios":"1:325871497075:ios:dea778baf00a238ff31f06","macos":"1:325871497075:ios:dea778baf00a238ff31f06","web":"1:325871497075:web:c259a317e68a3718f31f06","windows":"1:325871497075:web:4221d7b3405f7f0cf31f06"}}}}}}